{
    "reroute_chicago_none": {
        "duration": [
            641.3306599906751, 
            40.8219917743524
        ], 
        "route_length": [
            1719.7653507645655, 
            43.6301416449759
        ], 
        "time_loss": [
            562.8265137397277, 
            39.10703881761913
        ]
    }, 
    "context_chicago_same": {
        "crimes": [
            8.68171720166096, 
            0.3133016957338874
        ], 
        "traffic": [
            1.916257253039275, 
            0.05574451518302637
        ], 
        "crashes": [
            14.251787027932027, 
            0.452065401587446
        ]
    }, 
    "reroute_chicago_traffic": {
        "duration": [
            667.9044879345905, 
            36.61065992588465
        ], 
        "route_length": [
            2208.8561550612844, 
            77.78996140174252
        ], 
        "time_loss": [
            542.201019597256, 
            31.870178440999634
        ]
    }, 
    "context_chicago_traandcra": {
        "crimes": [
            9.122248429229153, 
            0.36133087063930036
        ], 
        "traffic": [
            1.3847491604901372, 
            0.03469222931424804
        ], 
        "crashes": [
            14.902097427983836, 
            0.4469090843720371
        ]
    }, 
    "context_chicago_none": {
        "crimes": [
            12.2273798944623, 
            0.5162845707626823
        ], 
        "traffic": [
            3.3621796778680846, 
            0.13815506930751867
        ], 
        "crashes": [
            19.550425559000736, 
            0.8000443430961389
        ]
    }, 
    "reroute_chicago_mcrimes": {
        "duration": [
            520.0851665566166, 
            25.749405889498096
        ], 
        "route_length": [
            1730.1084125926436, 
            42.69878940671925
        ], 
        "time_loss": [
            431.03472328674644, 
            23.405213793930123
        ]
    }, 
    "context_chicago_traandcri": {
        "crimes": [
            9.519417732594391, 
            0.3280664338223955
        ], 
        "traffic": [
            1.1928249916298237, 
            0.02962280644623863
        ], 
        "crashes": [
            16.271946749368425, 
            0.5946688305154383
        ]
    }, 
    "reroute_chicago_crimes": {
        "duration": [
            533.7418941847354, 
            27.29070370556646
        ], 
        "route_length": [
            1726.6624737096768, 
            42.3655057643905
        ], 
        "time_loss": [
            445.679791867462, 
            25.05660879306767
        ]
    }, 
    "reroute_chicago_criandcra": {
        "duration": [
            533.8355091184916, 
            26.881895619248322
        ], 
        "route_length": [
            1726.166842598661, 
            42.287133472320264
        ], 
        "time_loss": [
            445.9344753262742, 
            24.648009620838494
        ]
    }, 
    "reroute_chicago_craandtra": {
        "duration": [
            524.9476212947624, 
            26.37449039418657
        ], 
        "route_length": [
            1726.6350055847881, 
            42.042217562193294
        ], 
        "time_loss": [
            436.3097161929439, 
            24.11331740248318
        ]
    }, 
    "reroute_chicago_mtraffic": {
        "duration": [
            508.42612951985063, 
            24.735038696954085
        ], 
        "route_length": [
            1742.2834070541787, 
            43.47671560995549
        ], 
        "time_loss": [
            418.11705849383156, 
            22.2623698852474
        ]
    }, 
    "reroute_chicago_traandcri": {
        "duration": [
            514.9481280666596, 
            26.810744328271646
        ], 
        "route_length": [
            1823.2111922608383, 
            52.20821637296572
        ], 
        "time_loss": [
            417.5870745386984, 
            23.647186447253784
        ]
    }, 
    "reroute_chicago_criandtra": {
        "duration": [
            522.0413552715181, 
            26.121891632044196
        ], 
        "route_length": [
            1746.2780460392378, 
            45.199347091085855
        ], 
        "time_loss": [
            431.3965064132707, 
            23.50849744917215
        ]
    }, 
    "reroute_chicago_traandcra": {
        "duration": [
            504.5521633021096, 
            24.2119182894875
        ], 
        "route_length": [
            1765.9655940598914, 
            44.47709754988216
        ], 
        "time_loss": [
            411.57977016731394, 
            21.616550089531717
        ]
    }, 
    "context_chicago_mcrashes": {
        "crimes": [
            8.693586480317158, 
            0.30663820687697596
        ], 
        "traffic": [
            1.9989085879911557, 
            0.06180282841297356
        ], 
        "crashes": [
            14.14524031316051, 
            0.45537157463960004
        ]
    }, 
    "reroute_chicago_mcrashes": {
        "duration": [
            525.0869145586488, 
            26.35156205836194
        ], 
        "route_length": [
            1727.265822173619, 
            42.11272006138743
        ], 
        "time_loss": [
            436.4077988449119, 
            24.100955338380523
        ]
    }, 
    "context_chicago_crimes": {
        "crimes": [
            8.746771521263021, 
            0.29914435981040177
        ], 
        "traffic": [
            2.205182738457783, 
            0.07377880123651184
        ], 
        "crashes": [
            14.204998772623943, 
            0.4622156547271541
        ]
    }, 
    "context_chicago_mcrimes": {
        "crimes": [
            8.695200830546696, 
            0.31066136990384874
        ], 
        "traffic": [
            1.9678866387212905, 
            0.05607744053508282
        ], 
        "crashes": [
            14.198560354043678, 
            0.45632600288073244
        ]
    }, 
    "reroute_chicago_crashes": {
        "duration": [
            532.4004894769234, 
            26.94028361164674
        ], 
        "route_length": [
            1723.9122623096441, 
            42.27972763732316
        ], 
        "time_loss": [
            444.67866496123355, 
            24.687425865800055
        ]
    }, 
    "context_chicago_craandcri": {
        "crimes": [
            8.697652657650288, 
            0.30685334928225305
        ], 
        "traffic": [
            2.1973018600030585, 
            0.06956362315679354
        ], 
        "crashes": [
            14.139480394780708, 
            0.453689356335173
        ]
    }, 
    "context_chicago_craandtra": {
        "crimes": [
            8.71972332143383, 
            0.3006968861195587
        ], 
        "traffic": [
            2.0085623836343895, 
            0.06447032132487314
        ], 
        "crashes": [
            14.171544572821997, 
            0.45196078546226826
        ]
    }, 
    "reroute_chicago_same": {
        "duration": [
            519.7406547095851, 
            25.118950484368632
        ], 
        "route_length": [
            1730.4977963929962, 
            42.345939366456875
        ], 
        "time_loss": [
            430.5978398606206, 
            22.798016416581916
        ]
    }, 
    "reroute_chicago_craandcri": {
        "duration": [
            530.9000584179363, 
            27.053628456546814
        ], 
        "route_length": [
            1724.5970062799272, 
            42.47956800065793
        ], 
        "time_loss": [
            443.1896008395692, 
            24.79777515872094
        ]
    }, 
    "context_chicago_crashes": {
        "crimes": [
            8.70741621271555, 
            0.31033582725290143
        ], 
        "traffic": [
            2.2180741025418342, 
            0.06991234093857386
        ], 
        "crashes": [
            14.176098910795963, 
            0.4576544814696786
        ]
    },