{
    "reroute_chicago_none": {
        "duration": [
            711.3301110130448, 
            19.22188832445797
        ], 
        "route_length": [
            1671.1975754613554, 
            8.249444238658485
        ], 
        "time_loss": [
            629.034677388685, 
            19.01115216332929
        ]
    }, 
    "context_chicago_same": {
        "crimes": [
            9.84131951671026, 
            0.09371577995901191
        ], 
        "traffic": [
            2.0287684311970287, 
            0.04076389704536157
        ], 
        "crashes": [
            13.845344854228586, 
            0.13055316038848022
        ]
    }, 
    "reroute_chicago_traffic": {
        "duration": [
            650.9361678932187, 
            20.30588332223051
        ], 
        "route_length": [
            2085.1322345743242, 
            48.933352886266405
        ], 
        "time_loss": [
            526.7888437144638, 
            18.16303926398149
        ]
    }, 
    "context_chicago_traandcra": {
        "crimes": [
            10.511510038843168, 
            0.1047319620413865
        ], 
        "traffic": [
            1.4483109873143745, 
            0.036892519944405205
        ], 
        "crashes": [
            14.586102995271816, 
            0.1254689034621416
        ]
    }, 
    "context_chicago_none": {
        "crimes": [
            12.003924451836209, 
            0.16654255420416847
        ], 
        "traffic": [
            3.336671476291086, 
            0.08565119124176492
        ], 
        "crashes": [
            17.731949868516008, 
            0.23625764520157136
        ]
    }, 
    "reroute_chicago_mcrimes": {
        "duration": [
            571.7932891654152, 
            10.11553760420636
        ], 
        "route_length": [
            1676.0490968334482, 
            6.1083423323636765
        ], 
        "time_loss": [
            478.36382665650046, 
            9.805103089951178
        ]
    }, 
    "context_chicago_traandcri": {
        "crimes": [
            10.946657652351597, 
            0.12473876191561288
        ], 
        "traffic": [
            1.2531170593156862, 
            0.029232096242752584
        ], 
        "crashes": [
            15.424915208337856, 
            0.1720169724254219
        ]
    }, 
    "reroute_chicago_crimes": {
        "duration": [
            590.9233299368918, 
            12.831467665845755
        ], 
        "route_length": [
            1679.4695295716333, 
            6.1592668395897245
        ], 
        "time_loss": [
            497.81247509176694, 
            12.588095973110637
        ]
    }, 
    "reroute_chicago_criandcra": {
        "duration": [
            591.7869382958611, 
            11.053212450357233
        ], 
        "route_length": [
            1677.1538694951873, 
            8.036288891843745
        ], 
        "time_loss": [
            499.2169701228275, 
            10.889732457168142
        ]
    }, 
    "reroute_chicago_craandtra": {
        "duration": [
            577.7462141211892, 
            10.720296989648498
        ], 
        "route_length": [
            1674.4376312936442, 
            7.716533748670354
        ], 
        "time_loss": [
            484.3747320704604, 
            10.58050927750303
        ]
    }, 
    "reroute_chicago_mtraffic": {
        "duration": [
            542.4709163011308, 
            8.019476825744523
        ], 
        "route_length": [
            1686.9959852424843, 
            6.717096698082267
        ], 
        "time_loss": [
            447.98240326343904, 
            7.827171711673599
        ]
    }, 
    "reroute_chicago_traandcri": {
        "duration": [
            510.494611077627, 
            10.568811853111418
        ], 
        "route_length": [
            1744.0394460034997, 
            9.12667644976338
        ], 
        "time_loss": [
            410.2824434600915, 
            10.010314299619663
        ]
    }, 
    "reroute_chicago_criandtra": {
        "duration": [
            566.2228972587866, 
            10.055778376800681
        ], 
        "route_length": [
            1679.5550956848808, 
            7.152204949430366
        ], 
        "time_loss": [
            472.6520260745791, 
            9.815120581260281
        ]
    }, 
    "reroute_chicago_traandcra": {
        "duration": [
            533.8889059629189, 
            9.7412612762642
        ], 
        "route_length": [
            1714.5375894951928, 
            7.120362428376303
        ], 
        "time_loss": [
            435.64778049244524, 
            9.277261036588904
        ]
    }, 
    "context_chicago_mcrashes": {
        "crimes": [
            9.787771007388178, 
            0.08367912168659183
        ], 
        "traffic": [
            2.078092967802389, 
            0.05078792277120968
        ], 
        "crashes": [
            13.72289625450568, 
            0.1468706146210662
        ]
    }, 
    "reroute_chicago_mcrashes": {
        "duration": [
            577.6810748167197, 
            11.160803096364715
        ], 
        "route_length": [
            1675.2946680133532, 
            6.807734859200155
        ], 
        "time_loss": [
            484.3106836975095, 
            10.90273716090898
        ]
    }, 
    "context_chicago_crimes": {
        "crimes": [
            9.803583973115106, 
            0.09105115552233305
        ], 
        "traffic": [
            2.244373951855831, 
            0.05705628394162131
        ], 
        "crashes": [
            13.804462300145067, 
            0.12599580152923934
        ]
    }, 
    "context_chicago_mcrimes": {
        "crimes": [
            9.799123895409364, 
            0.08301111138905855
        ], 
        "traffic": [
            2.0654920444213154, 
            0.04570343140605227
        ], 
        "crashes": [
            13.729298705401252, 
            0.12885388240462467
        ]
    }, 
    "reroute_chicago_crashes": {
        "duration": [
            582.200129203189, 
            13.879464640113536
        ], 
        "route_length": [
            1671.3125970533376, 
            7.80849644525967
        ], 
        "time_loss": [
            490.5185471667245, 
            13.442999545631263
        ]
    }, 
    "context_chicago_craandcri": {
        "crimes": [
            9.830190433387255, 
            0.10243919921547895
        ], 
        "traffic": [
            2.2980826953583047, 
            0.05927585202467747
        ], 
        "crashes": [
            13.691827003304471, 
            0.10045344248917054
        ]
    }, 
    "context_chicago_craandtra": {
        "crimes": [
            9.848186840546875, 
            0.09600820271263313
        ], 
        "traffic": [
            2.105290429706005, 
            0.035418118153091496
        ], 
        "crashes": [
            13.755124682646613, 
            0.1393008607760034
        ]
    }, 
    "reroute_chicago_same": {
        "duration": [
            579.2485829365303, 
            13.330231067887901
        ], 
        "route_length": [
            1678.7155188005759, 
            7.35554465315428
        ], 
        "time_loss": [
            485.3859389430933, 
            13.0733322405584
        ]
    }, 
    "reroute_chicago_craandcri": {
        "duration": [
            578.6182940791804, 
            15.039571451443843
        ], 
        "route_length": [
            1669.058445858284, 
            7.29369177261969
        ], 
        "time_loss": [
            486.99445036271015, 
            14.71317727938314
        ]
    }, 
    "context_chicago_crashes": {
        "crimes": [
            9.829702447951131, 
            0.09080893035752717
        ], 
        "traffic": [
            2.3227212753891573, 
            0.04647845555957374
        ], 
        "crashes": [
            13.717906948851809, 
            0.10814171331314211
        ]
    },