{
    "reroute_chicago_none": {
        "duration": [
            900.8283494463228, 
            26.949012166258782
        ], 
        "route_length": [
            1954.3290304052782, 
            14.831361500237835
        ], 
        "time_loss": [
            812.3120313592856, 
            26.71603518478825
        ]
    }, 
    "context_chicago_same": {
        "crimes": [
            5.897220132917426, 
            0.24086068200681854
        ], 
        "traffic": [
            2.2427098583294445, 
            0.048164322501155404
        ], 
        "crashes": [
            14.969862638010179, 
            0.22688352085301397
        ]
    }, 
    "reroute_chicago_traffic": {
        "duration": [
            955.0797698513225, 
            32.55277102404818
        ], 
        "route_length": [
            2692.9157994885604, 
            67.89379023167237
        ], 
        "time_loss": [
            796.4710767367418, 
            29.42932595061406
        ]
    }, 
    "context_chicago_traandcra": {
        "crimes": [
            5.809523814647015, 
            0.2316781878449637
        ], 
        "traffic": [
            1.6419635181958472, 
            0.049318462348617066
        ], 
        "crashes": [
            15.625102908873979, 
            0.2845497629887144
        ]
    }, 
    "context_chicago_none": {
        "crimes": [
            8.894845485383374, 
            0.33592409254351796
        ], 
        "traffic": [
            3.902162773430019, 
            0.0809942198834076
        ], 
        "crashes": [
            18.866046898642722, 
            0.3890783775275654
        ]
    }, 
    "reroute_chicago_mcrimes": {
        "duration": [
            685.3799511544049, 
            19.76994211889842
        ], 
        "route_length": [
            1917.1301064565966, 
            7.906472163578846
        ], 
        "time_loss": [
            585.4374913304669, 
            19.43313104916233
        ]
    }, 
    "context_chicago_traandcri": {
        "crimes": [
            6.905922910777652, 
            0.24027282265251323
        ], 
        "traffic": [
            1.2108777222336284, 
            0.04715649108957848
        ], 
        "crashes": [
            21.17800372602688, 
            0.5763487667759996
        ]
    }, 
    "reroute_chicago_crimes": {
        "duration": [
            724.2240033947928, 
            22.14881213123916
        ], 
        "route_length": [
            1906.8512392641132, 
            7.2077110904796164
        ], 
        "time_loss": [
            626.6048405536459, 
            21.73157739088432
        ]
    }, 
    "reroute_chicago_criandcra": {
        "duration": [
            709.6691939930546, 
            20.089474364407305
        ], 
        "route_length": [
            1905.6572796651017, 
            7.891183409533823
        ], 
        "time_loss": [
            612.3311901184416, 
            19.658330147862053
        ]
    }, 
    "reroute_chicago_craandtra": {
        "duration": [
            702.5881571374437, 
            21.79933698777875
        ], 
        "route_length": [
            1909.0113649721648, 
            7.5806585897613195
        ], 
        "time_loss": [
            604.2690445295307, 
            21.30123951159117
        ]
    }, 
    "reroute_chicago_mtraffic": {
        "duration": [
            645.0476575711725, 
            16.373740614637978
        ], 
        "route_length": [
            1944.6829768239593, 
            10.705271965319817
        ], 
        "time_loss": [
            543.0401292981823, 
            16.115287513233547
        ]
    }, 
    "reroute_chicago_traandcri": {
        "duration": [
            733.050692681794, 
            22.133734102876844
        ], 
        "route_length": [
            2222.483225914245, 
            33.028363353599616
        ], 
        "time_loss": [
            608.8890222130336, 
            21.346217347869185
        ]
    }, 
    "reroute_chicago_criandtra": {
        "duration": [
            691.0091650275967, 
            26.661407956222465
        ], 
        "route_length": [
            2025.6942788937235, 
            11.106797982270173
        ], 
        "time_loss": [
            580.8287081971878, 
            26.195649155282723
        ]
    }, 
    "reroute_chicago_traandcra": {
        "duration": [
            658.2288177528507, 
            19.853237528774294
        ], 
        "route_length": [
            1982.9858012444195, 
            11.989379023491034
        ], 
        "time_loss": [
            552.532333193051, 
            19.15262677098676
        ]
    }, 
    "context_chicago_mcrashes": {
        "crimes": [
            6.137046151020774, 
            0.21819789152151425
        ], 
        "traffic": [
            2.445574385853706, 
            0.08416753991972128
        ], 
        "crashes": [
            14.683649979383446, 
            0.29983107659794894
        ]
    }, 
    "reroute_chicago_mcrashes": {
        "duration": [
            708.8623764019449, 
            26.509345190486368
        ], 
        "route_length": [
            1909.7097762718545, 
            7.8177561365564925
        ], 
        "time_loss": [
            610.3422253580649, 
            26.18629748298249
        ]
    }, 
    "context_chicago_crimes": {
        "crimes": [
            6.411055671575552, 
            0.21228521077108303
        ], 
        "traffic": [
            2.7592653342809923, 
            0.0655292307529283
        ], 
        "crashes": [
            14.90216795205016, 
            0.23461333295232917
        ]
    }, 
    "context_chicago_mcrimes": {
        "crimes": [
            6.03605539750078, 
            0.17656507305033192
        ], 
        "traffic": [
            2.2971850806315848, 
            0.04331721534254645
        ], 
        "crashes": [
            14.941108721634425, 
            0.2524590028506106
        ]
    }, 
    "reroute_chicago_crashes": {
        "duration": [
            707.8287806573478, 
            22.052414317172822
        ], 
        "route_length": [
            1910.270530352298, 
            8.520252323728021
        ], 
        "time_loss": [
            610.2970541997881, 
            21.727253825803245
        ]
    }, 
    "context_chicago_craandcri": {
        "crimes": [
            6.119110151884586, 
            0.1997337922880004
        ], 
        "traffic": [
            2.5910724145781243, 
            0.08068283961815371
        ], 
        "crashes": [
            14.742383466196003, 
            0.2231768096774119
        ]
    }, 
    "context_chicago_craandtra": {
        "crimes": [
            6.29282503944446, 
            0.22206252588112813
        ], 
        "traffic": [
            2.517419885988221, 
            0.05393793519205899
        ], 
        "crashes": [
            14.856814680137841, 
            0.3597006972936963
        ]
    }, 
    "reroute_chicago_same": {
        "duration": [
            678.1934098813524, 
            16.939764452666967
        ], 
        "route_length": [
            1920.6793276971534, 
            8.248154168389659
        ], 
        "time_loss": [
            578.4833596434785, 
            16.650668851193316
        ]
    }, 
    "reroute_chicago_craandcri": {
        "duration": [
            712.0702473427593, 
            22.875919796457165
        ], 
        "route_length": [
            1907.1968542858115, 
            6.971680168191807
        ], 
        "time_loss": [
            614.4898954200992, 
            22.341970749602336
        ]
    }, 
    "context_chicago_crashes": {
        "crimes": [
            6.088677751492929, 
            0.2594157510003747
        ], 
        "traffic": [
            2.6417329699078014, 
            0.06405022616150029
        ], 
        "crashes": [
            14.806599242692815, 
            0.28251943601747637
        ]
    },