{
    "reroute_chicago_none": {
        "duration": [
            596.4419021809266, 
            13.50639922806611
        ], 
        "route_length": [
            1776.0361275107607, 
            9.131773230008717
        ], 
        "time_loss": [
            516.9166380736983, 
            13.395459630309846
        ]
    }, 
    "context_chicago_same": {
        "crimes": [
            9.641101206703926, 
            0.16385400722879317
        ], 
        "traffic": [
            2.0962156755267083, 
            0.0414537735271875
        ], 
        "crashes": [
            14.685023089682684, 
            0.17777085189751518
        ]
    }, 
    "reroute_chicago_traffic": {
        "duration": [
            671.9577161963059, 
            25.731216244145354
        ], 
        "route_length": [
            2315.89746743422, 
            85.38125071637418
        ], 
        "time_loss": [
            543.18140321226, 
            22.26048996498283
        ]
    }, 
    "context_chicago_traandcra": {
        "crimes": [
            10.199702306071055, 
            0.16075359403759187
        ], 
        "traffic": [
            1.4655051893043236, 
            0.03646799136829691
        ], 
        "crashes": [
            15.298943148627629, 
            0.1841475777202365
        ]
    }, 
    "context_chicago_none": {
        "crimes": [
            12.127312783619638, 
            0.1848758337881938
        ], 
        "traffic": [
            3.159203824519414, 
            0.05972187317922315
        ], 
        "crashes": [
            18.604908923486942, 
            0.2015594707508999
        ]
    }, 
    "reroute_chicago_mcrimes": {
        "duration": [
            530.3917789678706, 
            10.126601068209398
        ], 
        "route_length": [
            1773.7019765843645, 
            9.155290566366832
        ], 
        "time_loss": [
            440.5240659282901, 
            10.088989592573684
        ]
    }, 
    "context_chicago_traandcri": {
        "crimes": [
            10.51092895714255, 
            0.17122734575908907
        ], 
        "traffic": [
            1.2704317413053725, 
            0.039914317384791245
        ], 
        "crashes": [
            16.147327472032387, 
            0.19323826056409277
        ]
    }, 
    "reroute_chicago_crimes": {
        "duration": [
            543.0012134686353, 
            11.444049125122369
        ], 
        "route_length": [
            1768.20392547572, 
            6.662734918639546
        ], 
        "time_loss": [
            453.9459419223711, 
            11.155348392601065
        ]
    }, 
    "reroute_chicago_criandcra": {
        "duration": [
            549.7717874246777, 
            11.059756951028094
        ], 
        "route_length": [
            1768.46236584381, 
            7.285248390924409
        ], 
        "time_loss": [
            460.8949238241432, 
            10.935727989339163
        ]
    }, 
    "reroute_chicago_craandtra": {
        "duration": [
            538.4028422165558, 
            10.329873592182954
        ], 
        "route_length": [
            1773.0390428809774, 
            8.332769174975109
        ], 
        "time_loss": [
            448.47420210917437, 
            10.007026743341545
        ]
    }, 
    "reroute_chicago_mtraffic": {
        "duration": [
            526.4847146672148, 
            11.251818372088431
        ], 
        "route_length": [
            1781.3801152625413, 
            7.761638100315891
        ], 
        "time_loss": [
            434.7961439110095, 
            10.988861915523826
        ]
    }, 
    "reroute_chicago_traandcri": {
        "duration": [
            499.7515554636925, 
            9.789499253525083
        ], 
        "route_length": [
            1840.9362059172013, 
            9.717683903128984
        ], 
        "time_loss": [
            403.1577052333795, 
            9.399730061409503
        ]
    }, 
    "reroute_chicago_criandtra": {
        "duration": [
            541.2997004221099, 
            8.878982777752293
        ], 
        "route_length": [
            1774.3412127804852, 
            7.826648383078909
        ], 
        "time_loss": [
            450.6792867644939, 
            8.565793331721778
        ]
    }, 
    "reroute_chicago_traandcra": {
        "duration": [
            508.2593316577394, 
            8.337477450987503
        ], 
        "route_length": [
            1806.8228482659026, 
            9.04070499131292
        ], 
        "time_loss": [
            413.8919625838613, 
            8.191269097055326
        ]
    }, 
    "context_chicago_mcrashes": {
        "crimes": [
            9.60434424817181, 
            0.16371679537482328
        ], 
        "traffic": [
            2.1298499638930184, 
            0.045054558599932605
        ], 
        "crashes": [
            14.587218636966757, 
            0.2045228720048097
        ]
    }, 
    "reroute_chicago_mcrashes": {
        "duration": [
            532.7866470657834, 
            12.225643713028333
        ], 
        "route_length": [
            1771.3475543763338, 
            6.706014508728535
        ], 
        "time_loss": [
            443.04455013669167, 
            11.959637918866733
        ]
    }, 
    "context_chicago_crimes": {
        "crimes": [
            9.627598939160746, 
            0.16106496083198887
        ], 
        "traffic": [
            2.34063339499539, 
            0.049997665534514
        ], 
        "crashes": [
            14.643849786479151, 
            0.17441077481303713
        ]
    }, 
    "context_chicago_mcrimes": {
        "crimes": [
            9.623473555446626, 
            0.15246369587377054
        ], 
        "traffic": [
            2.118058903676891, 
            0.05910974442183392
        ], 
        "crashes": [
            14.59858029690487, 
            0.18617270793024623
        ]
    }, 
    "reroute_chicago_crashes": {
        "duration": [
            542.5233845143758, 
            11.01049221482629
        ], 
        "route_length": [
            1768.3589989809643, 
            7.556467257930564
        ], 
        "time_loss": [
            453.50415654903156, 
            10.64196722549322
        ]
    }, 
    "context_chicago_craandcri": {
        "crimes": [
            9.501929991070835, 
            0.17751278842891052
        ], 
        "traffic": [
            2.2819742490514825, 
            0.04502581948357931
        ], 
        "crashes": [
            14.43882414952181, 
            0.20763791195167275
        ]
    }, 
    "context_chicago_craandtra": {
        "crimes": [
            9.544908923923286, 
            0.1479185273370051
        ], 
        "traffic": [
            2.107587198215108, 
            0.041970712024351486
        ], 
        "crashes": [
            14.52104564314698, 
            0.17942071509631305
        ]
    }, 
    "reroute_chicago_same": {
        "duration": [
            533.2199686544911, 
            9.603854625333707
        ], 
        "route_length": [
            1772.7080793075347, 
            8.133611626575613
        ], 
        "time_loss": [
            443.0513265897483, 
            9.408862187209435
        ]
    }, 
    "reroute_chicago_craandcri": {
        "duration": [
            539.3595967136478, 
            13.027962321314323
        ], 
        "route_length": [
            1769.4973275089756, 
            7.558475867332696
        ], 
        "time_loss": [
            450.5915240873386, 
            12.70053146005187
        ]
    }, 
    "context_chicago_crashes": {
        "crimes": [
            9.519353751365477, 
            0.1442263696733915
        ], 
        "traffic": [
            2.31829097992103, 
            0.04448057876648941
        ], 
        "crashes": [
            14.511955647588056, 
            0.17810813054004235
        ]
    },