{
    "reroute_chicago_none": {
        "duration": [
            555.5483584992173, 
            18.99880601360377
        ], 
        "route_length": [
            1460.3255483591986, 
            4.000198370667655
        ], 
        "time_loss": [
            486.42483472648684, 
            18.91661150917262
        ]
    }, 
    "context_chicago_same": {
        "crimes": [
            10.232003783811226, 
            0.17913285608865032
        ], 
        "traffic": [
            1.9511982650500463, 
            0.05000741780494997
        ], 
        "crashes": [
            9.27446728812448, 
            0.1082459765630334
        ]
    }, 
    "reroute_chicago_traffic": {
        "duration": [
            581.1010215639844, 
            30.558337338468718
        ], 
        "route_length": [
            1835.6361619439972, 
            72.78926042178824
        ], 
        "time_loss": [
            474.43218725010195, 
            27.29181100454586
        ]
    }, 
    "context_chicago_traandcra": {
        "crimes": [
            11.460669258548553, 
            0.14134323657012968
        ], 
        "traffic": [
            1.2739376557746303, 
            0.03923558626060881
        ], 
        "crashes": [
            10.231174288431442, 
            0.1834515480241907
        ]
    }, 
    "context_chicago_none": {
        "crimes": [
            12.74684247793353, 
            0.24028903925322373
        ], 
        "traffic": [
            3.3746824478274684, 
            0.10184086805220717
        ], 
        "crashes": [
            12.382626542818588, 
            0.23210951434158295
        ]
    }, 
    "reroute_chicago_mcrimes": {
        "duration": [
            453.6253329901864, 
            10.274290943110923
        ], 
        "route_length": [
            1471.6739691750245, 
            3.48047068150817
        ], 
        "time_loss": [
            377.0329680583625, 
            10.087067992819302
        ]
    }, 
    "context_chicago_traandcri": {
        "crimes": [
            11.174352142921627, 
            0.16824507374949302
        ], 
        "traffic": [
            1.3122769693285539, 
            0.04192759510395926
        ], 
        "crashes": [
            10.197495244534078, 
            0.14882073512866367
        ]
    }, 
    "reroute_chicago_crimes": {
        "duration": [
            465.2782602986375, 
            11.160888220371492
        ], 
        "route_length": [
            1471.5689157873348, 
            3.9288998161606203
        ], 
        "time_loss": [
            389.4851535732158, 
            11.027921220312377
        ]
    }, 
    "reroute_chicago_criandcra": {
        "duration": [
            463.02942756279174, 
            10.003216942119746
        ], 
        "route_length": [
            1471.8465981567651, 
            4.029135374185667
        ], 
        "time_loss": [
            387.34170121304226, 
            9.835343797457268
        ]
    }, 
    "reroute_chicago_craandtra": {
        "duration": [
            455.6650321443932, 
            11.569805698203673
        ], 
        "route_length": [
            1473.8317716268632, 
            4.344477638804508
        ], 
        "time_loss": [
            378.8969208575513, 
            11.3990336240188
        ]
    }, 
    "reroute_chicago_mtraffic": {
        "duration": [
            440.3073763284509, 
            11.428867164207436
        ], 
        "route_length": [
            1485.5353432554234, 
            4.184096526074866
        ], 
        "time_loss": [
            362.5342431033981, 
            11.189786458434474
        ]
    }, 
    "reroute_chicago_traandcri": {
        "duration": [
            438.72189958956267, 
            10.286204469184312
        ], 
        "route_length": [
            1519.8699499787876, 
            5.409638848701189
        ], 
        "time_loss": [
            356.51730453634815, 
            9.865695942118409
        ]
    }, 
    "reroute_chicago_criandtra": {
        "duration": [
            454.52380999798015, 
            10.42578662722162
        ], 
        "route_length": [
            1472.1908775023244, 
            4.274729341667292
        ], 
        "time_loss": [
            378.0192387776865, 
            10.254897335264761
        ]
    }, 
    "reroute_chicago_traandcra": {
        "duration": [
            444.91151366741235, 
            12.738969645020944
        ], 
        "route_length": [
            1517.4829852256842, 
            4.7488913717003
        ], 
        "time_loss": [
            363.10382094403866, 
            12.446226253111904
        ]
    }, 
    "context_chicago_mcrashes": {
        "crimes": [
            10.168678933567355, 
            0.1927897518491535
        ], 
        "traffic": [
            2.014405639979961, 
            0.050764106913057064
        ], 
        "crashes": [
            9.219241825824872, 
            0.13444958310035915
        ]
    }, 
    "reroute_chicago_mcrashes": {
        "duration": [
            459.4842285318994, 
            12.128669717060498
        ], 
        "route_length": [
            1472.8503327547419, 
            3.689676969474977
        ], 
        "time_loss": [
            382.8331211350002, 
            11.86536055396003
        ]
    }, 
    "context_chicago_crimes": {
        "crimes": [
            10.047528182179194, 
            0.23531919959391
        ], 
        "traffic": [
            2.2429683600861443, 
            0.055008152323928916
        ], 
        "crashes": [
            9.139927339572289, 
            0.13198132074684701
        ]
    }, 
    "context_chicago_mcrimes": {
        "crimes": [
            10.240709355885123, 
            0.19863705437578694
        ], 
        "traffic": [
            2.0077385296701906, 
            0.05499125306791486
        ], 
        "crashes": [
            9.231799433146957, 
            0.1219049931246592
        ]
    }, 
    "reroute_chicago_crashes": {
        "duration": [
            464.4675117930019, 
            11.01725713442398
        ], 
        "route_length": [
            1464.9811905057652, 
            4.240264054865369
        ], 
        "time_loss": [
            389.32980577070913, 
            10.82364451082229
        ]
    }, 
    "context_chicago_craandcri": {
        "crimes": [
            10.079068134042261, 
            0.15666812157449844
        ], 
        "traffic": [
            2.3283839876240084, 
            0.056193383322345275
        ], 
        "crashes": [
            9.234245385472253, 
            0.12002983421880857
        ]
    }, 
    "context_chicago_craandtra": {
        "crimes": [
            10.185720616009204, 
            0.178849798379108
        ], 
        "traffic": [
            1.996341839403735, 
            0.04423532411331639
        ], 
        "crashes": [
            9.25384696563141, 
            0.11626486410912955
        ]
    }, 
    "reroute_chicago_same": {
        "duration": [
            453.5099438666035, 
            10.756980819745351
        ], 
        "route_length": [
            1475.8397162949052, 
            3.5086065932238277
        ], 
        "time_loss": [
            376.697963637047, 
            10.536117795963523
        ]
    }, 
    "reroute_chicago_craandcri": {
        "duration": [
            463.0599354041112, 
            11.131668152107231
        ], 
        "route_length": [
            1465.2206319161583, 
            4.097211369386947
        ], 
        "time_loss": [
            388.1945932051623, 
            10.986373356325775
        ]
    }, 
    "context_chicago_crashes": {
        "crimes": [
            10.04531850709507, 
            0.1630038596686042
        ], 
        "traffic": [
            2.320589512493476, 
            0.05813237431825788
        ], 
        "crashes": [
            9.240051355254582, 
            0.1119375661524278
        ]
    },