{
    "reroute_chicago_none": {
        "duration": [
            1023.5878121067253, 
            26.55639316989263
        ], 
        "route_length": [
            2207.758732541019, 
            13.242070690722766
        ], 
        "time_loss": [
            927.4875338867956, 
            26.303329251891913
        ]
    }, 
    "context_chicago_same": {
        "crimes": [
            10.467087670192328, 
            0.08698359639466652
        ], 
        "traffic": [
            2.17956421083677, 
            0.06269206869846583
        ], 
        "crashes": [
            18.987951097095838, 
            0.12391127540295267
        ]
    }, 
    "reroute_chicago_traffic": {
        "duration": [
            960.8566686630718, 
            31.867157873609056
        ], 
        "route_length": [
            2975.0228784577707, 
            47.14536461613913
        ], 
        "time_loss": [
            790.6941449068911, 
            29.818196976675527
        ]
    }, 
    "context_chicago_traandcra": {
        "crimes": [
            10.724726575815174, 
            0.09043107700169929
        ], 
        "traffic": [
            1.576505727660959, 
            0.02261693412483455
        ], 
        "crashes": [
            19.682241322359836, 
            0.12253737303105924
        ]
    }, 
    "context_chicago_none": {
        "crimes": [
            17.44148864870592, 
            0.29900718728406256
        ], 
        "traffic": [
            4.735762970554766, 
            0.11490159533892194
        ], 
        "crashes": [
            28.260673515182077, 
            0.35303148434979453
        ]
    }, 
    "reroute_chicago_mcrimes": {
        "duration": [
            739.3032502093345, 
            12.607934328661905
        ], 
        "route_length": [
            2235.2822440923796, 
            8.470133340301443
        ], 
        "time_loss": [
            624.1289972552515, 
            12.163259545483456
        ]
    }, 
    "context_chicago_traandcri": {
        "crimes": [
            11.334467458430527, 
            0.08539198921515134
        ], 
        "traffic": [
            1.364799892249669, 
            0.04544408746258047
        ], 
        "crashes": [
            20.745297190572423, 
            0.17615392432294885
        ]
    }, 
    "reroute_chicago_crimes": {
        "duration": [
            751.5445774853099, 
            13.129914938093824
        ], 
        "route_length": [
            2230.4137405332567, 
            9.080074740360967
        ], 
        "time_loss": [
            637.8624044888036, 
            12.881899559052505
        ]
    }, 
    "reroute_chicago_criandcra": {
        "duration": [
            754.906927962814, 
            15.596920203972624
        ], 
        "route_length": [
            2228.974184331537, 
            9.262675054803093
        ], 
        "time_loss": [
            641.4744011228079, 
            15.361783358642635
        ]
    }, 
    "reroute_chicago_craandtra": {
        "duration": [
            740.5069620622653, 
            15.571987424683428
        ], 
        "route_length": [
            2223.8173284366926, 
            8.810695278170336
        ], 
        "time_loss": [
            626.326820065203, 
            15.012001627751957
        ]
    }, 
    "reroute_chicago_mtraffic": {
        "duration": [
            741.775412116355, 
            15.002621887814678
        ], 
        "route_length": [
            2251.993810268935, 
            10.00018125227654
        ], 
        "time_loss": [
            624.7596260249614, 
            14.56424039603759
        ]
    }, 
    "reroute_chicago_traandcri": {
        "duration": [
            744.1139692609361, 
            13.276960134224003
        ], 
        "route_length": [
            2337.1440918217845, 
            11.939441018233898
        ], 
        "time_loss": [
            619.8786796721228, 
            12.771450798579211
        ]
    }, 
    "reroute_chicago_criandtra": {
        "duration": [
            741.3573944443796, 
            15.282891038327962
        ], 
        "route_length": [
            2239.3305213992626, 
            11.650288997517366
        ], 
        "time_loss": [
            625.8446992324807, 
            14.921516907736267
        ]
    }, 
    "reroute_chicago_traandcra": {
        "duration": [
            723.549431839381, 
            8.41787686729655
        ], 
        "route_length": [
            2280.249438879949, 
            9.63370089246658
        ], 
        "time_loss": [
            603.5304976168319, 
            8.308269895065747
        ]
    }, 
    "context_chicago_mcrashes": {
        "crimes": [
            10.544881444226872, 
            0.09001128817018356
        ], 
        "traffic": [
            2.2866470212759085, 
            0.07112796729399275
        ], 
        "crashes": [
            18.999015958381296, 
            0.10664124667045943
        ]
    }, 
    "reroute_chicago_mcrashes": {
        "duration": [
            734.0072235614987, 
            14.5308130439057
        ], 
        "route_length": [
            2225.8146127676987, 
            9.18130910834312
        ], 
        "time_loss": [
            619.5834590717452, 
            13.82136218391764
        ]
    }, 
    "context_chicago_crimes": {
        "crimes": [
            10.667211677423747, 
            0.11159548303154654
        ], 
        "traffic": [
            2.6071385992513036, 
            0.04776545110753781
        ], 
        "crashes": [
            19.076237304355125, 
            0.14314928090443835
        ]
    }, 
    "context_chicago_mcrimes": {
        "crimes": [
            10.559827804367623, 
            0.11335895615776367
        ], 
        "traffic": [
            2.2471979596029796, 
            0.060093638141350304
        ], 
        "crashes": [
            19.029717333403703, 
            0.13694907878211537
        ]
    }, 
    "reroute_chicago_crashes": {
        "duration": [
            760.9646108910385, 
            14.153750050073384
        ], 
        "route_length": [
            2222.4222391699313, 
            9.944416161030873
        ], 
        "time_loss": [
            647.4978429885526, 
            13.738386394601521
        ]
    }, 
    "context_chicago_craandcri": {
        "crimes": [
            10.678847062237116, 
            0.09704971262857755
        ], 
        "traffic": [
            2.6133363368418445, 
            0.06465777409702744
        ], 
        "crashes": [
            18.99341743978335, 
            0.1429347160986355
        ]
    }, 
    "context_chicago_craandtra": {
        "crimes": [
            10.550365709266163, 
            0.13015284922918394
        ], 
        "traffic": [
            2.332919883916939, 
            0.06354495655476873
        ], 
        "crashes": [
            18.94004490210518, 
            0.1580304908392608
        ]
    }, 
    "reroute_chicago_same": {
        "duration": [
            727.6057403083732, 
            14.467310803150044
        ], 
        "route_length": [
            2229.015149673239, 
            7.655983419107717
        ], 
        "time_loss": [
            612.6678378709144, 
            14.106079450063088
        ]
    }, 
    "reroute_chicago_craandcri": {
        "duration": [
            758.37891370253, 
            12.152236875650516
        ], 
        "route_length": [
            2228.6745204681592, 
            7.8734935021952
        ], 
        "time_loss": [
            644.5649932170752, 
            11.852809881351572
        ]
    }, 
    "context_chicago_crashes": {
        "crimes": [
            10.769810881000616, 
            0.09597736506397134
        ], 
        "traffic": [
            2.627151083824108, 
            0.055339256197227196
        ], 
        "crashes": [
            19.080229168863905, 
            0.1392471145514315
        ]
    },