{
    "reroute_chicago_none": {
        "duration": [
            261.13501293157134, 
            2.401391415912956
        ], 
        "route_length": [
            1432.9416990445625, 
            5.770416541219976
        ], 
        "time_loss": [
            198.30006060735167, 
            2.3269503210178035
        ]
    }, 
    "context_chicago_same": {
        "crimes": [
            5.760475797798771, 
            0.07613866625335089
        ], 
        "traffic": [
            1.2834216623164538, 
            0.04794279278880475
        ], 
        "crashes": [
            12.76892808215135, 
            0.168657593238078
        ]
    }, 
    "reroute_chicago_traffic": {
        "duration": [
            311.5349252008547, 
            11.470659829923072
        ], 
        "route_length": [
            1601.9239403570532, 
            21.399441567706884
        ], 
        "time_loss": [
            230.89227865626495, 
            10.347326280401226
        ]
    }, 
    "context_chicago_traandcra": {
        "crimes": [
            5.8919547678644, 
            0.09872061891309869
        ], 
        "traffic": [
            1.072118176391151, 
            0.03863250320338331
        ], 
        "crashes": [
            13.065226264911502, 
            0.2186489452913978
        ]
    }, 
    "context_chicago_none": {
        "crimes": [
            7.6608432051634185, 
            0.14863279786889627
        ], 
        "traffic": [
            1.8283813536782876, 
            0.07640670059846058
        ], 
        "crashes": [
            16.880690233074247, 
            0.31144851990216127
        ]
    }, 
    "reroute_chicago_mcrimes": {
        "duration": [
            260.5900866728947, 
            3.622227629302701
        ], 
        "route_length": [
            1441.095306015394, 
            5.324661002950506
        ], 
        "time_loss": [
            194.54768960495696, 
            3.5560027703755672
        ]
    }, 
    "context_chicago_traandcri": {
        "crimes": [
            6.266052654874007, 
            0.10633673110371578
        ], 
        "traffic": [
            0.8805874667217708, 
            0.03221023364587932
        ], 
        "crashes": [
            13.892902654570133, 
            0.24338765778026838
        ]
    }, 
    "reroute_chicago_crimes": {
        "duration": [
            260.6964034940063, 
            4.684689841880938
        ], 
        "route_length": [
            1439.7388987191825, 
            6.067487529772268
        ], 
        "time_loss": [
            195.12183776883717, 
            4.45077625111912
        ]
    }, 
    "reroute_chicago_criandcra": {
        "duration": [
            261.5969607135943, 
            4.352074549740915
        ], 
        "route_length": [
            1439.1589380932785, 
            5.922644444481401
        ], 
        "time_loss": [
            196.01909648272223, 
            4.180041090575781
        ]
    }, 
    "reroute_chicago_craandtra": {
        "duration": [
            259.96663711893285, 
            2.7156139188775756
        ], 
        "route_length": [
            1441.809954476617, 
            6.263413309488336
        ], 
        "time_loss": [
            193.95045381631093, 
            2.587624414016537
        ]
    }, 
    "reroute_chicago_mtraffic": {
        "duration": [
            261.6260385882327, 
            4.036188818806468
        ], 
        "route_length": [
            1444.3996797512295, 
            5.903815531304301
        ], 
        "time_loss": [
            195.14693181077055, 
            3.956171489063049
        ]
    }, 
    "reroute_chicago_traandcri": {
        "duration": [
            268.42860065052054, 
            4.387434563893998
        ], 
        "route_length": [
            1463.4817486752652, 
            7.291050028316716
        ], 
        "time_loss": [
            199.65439744618618, 
            4.130023738456865
        ]
    }, 
    "reroute_chicago_criandtra": {
        "duration": [
            258.97941357393336, 
            2.860297191112085
        ], 
        "route_length": [
            1440.7223366783824, 
            5.966366990498498
        ], 
        "time_loss": [
            192.92750523392047, 
            2.7369401427224314
        ]
    }, 
    "reroute_chicago_traandcra": {
        "duration": [
            262.9898650647494, 
            3.577912953250923
        ], 
        "route_length": [
            1449.0525495171692, 
            6.375182092684423
        ], 
        "time_loss": [
            195.95784843672868, 
            3.462538608981621
        ]
    }, 
    "context_chicago_mcrashes": {
        "crimes": [
            5.713032885216324, 
            0.08106996440505841
        ], 
        "traffic": [
            1.317495403322709, 
            0.047916926628154305
        ], 
        "crashes": [
            12.673031266171005, 
            0.17953007324393247
        ]
    }, 
    "reroute_chicago_mcrashes": {
        "duration": [
            260.006113742212, 
            4.51158235971167
        ], 
        "route_length": [
            1440.922553668774, 
            5.878570077001145
        ], 
        "time_loss": [
            194.0938757576078, 
            4.347637121789404
        ]
    }, 
    "context_chicago_crimes": {
        "crimes": [
            5.731036610631637, 
            0.08968465899068837
        ], 
        "traffic": [
            1.402601089627359, 
            0.05531779585956519
        ], 
        "crashes": [
            12.694654584780205, 
            0.20533510601832944
        ]
    }, 
    "context_chicago_mcrimes": {
        "crimes": [
            5.7351497687506, 
            0.07979764547884931
        ], 
        "traffic": [
            1.324336084198864, 
            0.056779827286674696
        ], 
        "crashes": [
            12.709880136282118, 
            0.17818949379829538
        ]
    }, 
    "reroute_chicago_crashes": {
        "duration": [
            262.26849508520354, 
            3.6550532083380016
        ], 
        "route_length": [
            1438.2657298755107, 
            5.269751052788924
        ], 
        "time_loss": [
            196.7644040503309, 
            3.6319883733990204
        ]
    }, 
    "context_chicago_craandcri": {
        "crimes": [
            5.7325892328748775, 
            0.08563976250436842
        ], 
        "traffic": [
            1.408773240731476, 
            0.05723863395104012
        ], 
        "crashes": [
            12.69540303704533, 
            0.19411995496143145
        ]
    }, 
    "context_chicago_craandtra": {
        "crimes": [
            5.757470760305442, 
            0.09486638394440082
        ], 
        "traffic": [
            1.3105818458380434, 
            0.05108431704329719
        ], 
        "crashes": [
            12.759372524029441, 
            0.2128372708922482
        ]
    }, 
    "reroute_chicago_same": {
        "duration": [
            261.9043697146467, 
            3.0694912419947453
        ], 
        "route_length": [
            1442.5704046206467, 
            6.450462659484495
        ], 
        "time_loss": [
            195.69331489816713, 
            2.9766164438955327
        ]
    }, 
    "reroute_chicago_craandcri": {
        "duration": [
            261.65694850635555, 
            3.3888245851363332
        ], 
        "route_length": [
            1438.7342742247315, 
            4.862903851892004
        ], 
        "time_loss": [
            196.1368208773787, 
            3.3715901426974098
        ]
    }, 
    "context_chicago_crashes": {
        "crimes": [
            5.733855363717905, 
            0.08486788784738845
        ], 
        "traffic": [
            1.4089362915619639, 
            0.0572977189837555
        ], 
        "crashes": [
            12.698075217047906, 
            0.19232113998178216
        ]
    },