{
    "reroute_chicago_none": {
        "duration": [
            440.44307375691824, 
            6.764420519543692
        ], 
        "route_length": [
            1535.7687420297846, 
            8.675520794769701
        ], 
        "time_loss": [
            369.3098201357899, 
            6.800679192509588
        ]
    }, 
    "context_chicago_same": {
        "crimes": [
            8.93281230349279, 
            0.14534397054407144
        ], 
        "traffic": [
            1.631922668018472, 
            0.052044126165314473
        ], 
        "crashes": [
            15.230932146231066, 
            0.13299724819500233
        ]
    }, 
    "reroute_chicago_traffic": {
        "duration": [
            543.865146173375, 
            16.773161601545777
        ], 
        "route_length": [
            1955.4646031730674, 
            38.6553745241353
        ], 
        "time_loss": [
            432.9472027040687, 
            14.901948830588163
        ]
    }, 
    "context_chicago_traandcra": {
        "crimes": [
            9.25765224281471, 
            0.12652326081478066
        ], 
        "traffic": [
            1.2149028687896741, 
            0.042832634994740194
        ], 
        "crashes": [
            15.825891067410657, 
            0.1342092336969
        ]
    }, 
    "context_chicago_none": {
        "crimes": [
            14.716402208594008, 
            0.32071425206891796
        ], 
        "traffic": [
            3.1983928987755528, 
            0.06980347589393375
        ], 
        "crashes": [
            24.126082931284554, 
            0.3336994223357218
        ]
    }, 
    "reroute_chicago_mcrimes": {
        "duration": [
            399.5124767362103, 
            5.234408885119485
        ], 
        "route_length": [
            1595.8261889912976, 
            6.338949442528734
        ], 
        "time_loss": [
            317.20802417339667, 
            4.979389792984444
        ]
    }, 
    "context_chicago_traandcri": {
        "crimes": [
            9.497542351662789, 
            0.20039775585653402
        ], 
        "traffic": [
            1.0576840902540858, 
            0.029874207360738748
        ], 
        "crashes": [
            16.31768574950522, 
            0.18321557307192834
        ]
    }, 
    "reroute_chicago_crimes": {
        "duration": [
            400.52547121487385, 
            5.841388799529886
        ], 
        "route_length": [
            1590.3910666164952, 
            7.741982016746396
        ], 
        "time_loss": [
            318.92588967359353, 
            5.749166878088621
        ]
    }, 
    "reroute_chicago_criandcra": {
        "duration": [
            406.0873278766477, 
            6.742038554981328
        ], 
        "route_length": [
            1591.9146626049476, 
            6.56167395360762
        ], 
        "time_loss": [
            324.26304439993487, 
            6.564296486495369
        ]
    }, 
    "reroute_chicago_craandtra": {
        "duration": [
            399.75750426255746, 
            5.342650784868839
        ], 
        "route_length": [
            1590.4979454065563, 
            7.966552368432109
        ], 
        "time_loss": [
            317.8758399023771, 
            5.235580217840286
        ]
    }, 
    "reroute_chicago_mtraffic": {
        "duration": [
            401.2707910663987, 
            4.710757992431285
        ], 
        "route_length": [
            1600.9959387746787, 
            7.461211273923462
        ], 
        "time_loss": [
            318.5599320450597, 
            4.399420534663192
        ]
    }, 
    "reroute_chicago_traandcri": {
        "duration": [
            410.07556774248513, 
            6.993426718662474
        ], 
        "route_length": [
            1634.523677515085, 
            8.804733787265272
        ], 
        "time_loss": [
            324.72996920972685, 
            6.5773692926414995
        ]
    }, 
    "reroute_chicago_criandtra": {
        "duration": [
            400.89710617584035, 
            6.18219311463057
        ], 
        "route_length": [
            1592.1119993356074, 
            7.400879931772809
        ], 
        "time_loss": [
            318.8240806125458, 
            5.834188906241113
        ]
    }, 
    "reroute_chicago_traandcra": {
        "duration": [
            400.03727716971537, 
            3.7541032086960944
        ], 
        "route_length": [
            1610.627945790923, 
            6.023477960149206
        ], 
        "time_loss": [
            316.39414790424104, 
            3.5902228241008345
        ]
    }, 
    "context_chicago_mcrashes": {
        "crimes": [
            8.899350692628778, 
            0.1964242788655632
        ], 
        "traffic": [
            1.720294733810395, 
            0.05165029933251888
        ], 
        "crashes": [
            15.13162827089052, 
            0.1703124635466712
        ]
    }, 
    "reroute_chicago_mcrashes": {
        "duration": [
            402.78073779048356, 
            7.727364217222393
        ], 
        "route_length": [
            1594.9212573625741, 
            6.496811228109103
        ], 
        "time_loss": [
            320.6466767577638, 
            7.4119719280884775
        ]
    }, 
    "context_chicago_crimes": {
        "crimes": [
            8.939385594755164, 
            0.17556771685628647
        ], 
        "traffic": [
            1.8392984391074645, 
            0.06905204920267059
        ], 
        "crashes": [
            15.173692140985608, 
            0.14791582023365726
        ]
    }, 
    "context_chicago_mcrimes": {
        "crimes": [
            8.87206603646675, 
            0.18868569467793414
        ], 
        "traffic": [
            1.715197868847211, 
            0.05171557402442672
        ], 
        "crashes": [
            15.149537851532425, 
            0.15234736325468914
        ]
    }, 
    "reroute_chicago_crashes": {
        "duration": [
            406.5505141943068, 
            6.409364225986265
        ], 
        "route_length": [
            1591.7745502297018, 
            5.96104600492356
        ], 
        "time_loss": [
            324.8388440034988, 
            6.145647223554137
        ]
    }, 
    "context_chicago_craandcri": {
        "crimes": [
            8.941833598055087, 
            0.1490880715762718
        ], 
        "traffic": [
            1.859490095836168, 
            0.058672170337961335
        ], 
        "crashes": [
            15.180262282141722, 
            0.17014643516491562
        ]
    }, 
    "context_chicago_craandtra": {
        "crimes": [
            8.858585360541387, 
            0.1993790902241828
        ], 
        "traffic": [
            1.6897956023726741, 
            0.048850495070321596
        ], 
        "crashes": [
            15.114562612056513, 
            0.1752355862461371
        ]
    }, 
    "reroute_chicago_same": {
        "duration": [
            404.50256760509876, 
            5.098118696191956
        ], 
        "route_length": [
            1593.9563783569195, 
            7.95208451841389
        ], 
        "time_loss": [
            322.20513744189554, 
            4.887623933054818
        ]
    }, 
    "reroute_chicago_craandcri": {
        "duration": [
            403.15647317697005, 
            4.7828568532868605
        ], 
        "route_length": [
            1593.796989697369, 
            8.019018678296462
        ], 
        "time_loss": [
            321.35492870722, 
            4.650755931182519
        ]
    }, 
    "context_chicago_crashes": {
        "crimes": [
            8.965194786385734, 
            0.1483365345618276
        ], 
        "traffic": [
            1.8870966046953062, 
            0.04544575351476714
        ], 
        "crashes": [
            15.177874795272661, 
            0.14319915764522914
        ]
    },